OID_,BARRIER_GROUP,BARRIER_TYPE,BARRIER_SPECIFIC,UID,Sample_Type,Sampled,Sample_Date,Observer,Barrier_Predicted,Barrier_Observed,Stream_Wetted,Barrier_Access,Bridge_Type,Bridge_Obstruction,Culverts_Total,Culvert_Gated,Backwatered,Water_surface_drop_m,Span_m,Bankfull_width_m,Span_div_bankfull,Rise_m,Bed_material_throughout,Bed_material_depth_outlet_m,Countersunk,Elevation_inlet_m,Elevation_outlet_m,Length_m,Slope_perc,ACCESS_LIMIT,HUC8,Basin,Depth_m,Velocity_mps,Pass_WDFG,Limit_WDFG,Pass_Fig,Latitudue_dd,Longitude_dd
1,Non-culvert Road Crossing,Bridge,Truss_Thru,UID_96860,Random,TRUE,6/13/2023 0:00:00,GG,NCRC,NCRC,TRUE,,Bridge,FALSE,,,,,,,,,,,,,,,,,16010101,UBR,,,1.0,None,1.0,41.594074429999999,-111.137381939999997
2,Culvert,Culvert,Culvert,UID_66068,Random,TRUE,10/10/2022 0:00:00,GG,CUL,NCRC,TRUE,,Bridge,FALSE,,,,0.000000000000000,,,,,,,,,,,,,16010101,UBR,,,1.0,None,1.0,41.484384290000001,-111.266282700000005
3,Non-culvert Road Crossing,Bridge,Stringer_Multi-beam_or_Girder,UID_34418,Random,TRUE,10/11/2022 0:00:00,GG,NCRC,NCRC,TRUE,,Bridge,FALSE,0,,,,,,,,,,,,,,,,16010101,UBR,,,1.0,None,1.0,41.777093839999999,-111.073624760000001
4,Non-culvert Road Crossing,Bridge,Stringer_Multi-beam_or_Girder,UID_17533,Random,TRUE,10/10/2022 0:00:00,GG,NCRC,NCRC,FALSE,,Bridge,FALSE,0,,,,,,,,,,,,,,,,16010101,UBR,,,1.0,None,1.0,41.502616379999999,-111.123917239999997
5,Non-culvert Road Crossing,Bridge,Frame,UID_77956,Random,TRUE,10/10/2022 0:00:00,GG,NCRC,NCRC,FALSE,,Bridge,FALSE,0,,,,,,,,,,,,,,,,16010101,UBR,,,1.0,None,1.0,41.520929469999999,-111.162802170000006
6,Non-culvert Road Crossing,Bridge,Stringer_Multi-beam_or_Girder,UID_58544,Random,TRUE,10/10/2022 0:00:00,GG,NCRC,NCRC,TRUE,,Bridge,FALSE,0,,,,,,,,,,,,,,,,16010101,UBR,,,1.0,None,1.0,41.267833160000002,-110.945342699999998
7,Non-culvert Road Crossing,Bridge,Stringer_Multi-beam_or_Girder,UID_24767,Random,TRUE,10/10/2022 0:00:00,GG,NCRC,NCRC,TRUE,,Bridge,FALSE,0,,,,,,,,,,,,,,,,16010101,UBR,,,1.0,None,1.0,41.267981329999998,-110.945581099999998
8,Non-culvert Road Crossing,Bridge,Box_Beam_or_Girders_Multiple,UID_22589,Random,TRUE,10/10/2022 0:00:00,GG,NCRC,NCRC,TRUE,,Bridge,FALSE,0,,,,,,,,,,,,,,,,16010101,UBR,,,1.0,None,1.0,41.270286890000001,-110.963226809999995
9,Non-culvert Road Crossing,Bridge,Stringer_Multi-beam_or_Girder,UID_29533,Random,TRUE,10/10/2022 0:00:00,GG,NCRC,NCRC,TRUE,,Bridge,FALSE,0,,,,,,,,,,,,,,,,16010101,UBR,,,1.0,None,1.0,41.314487810000003,-111.010866440000001
10,Non-culvert Road Crossing,Bridge,Stringer_Multi-beam_or_Girder,UID_41197,Random,TRUE,10/10/2022 0:00:00,GG,NCRC,NCRC,TRUE,,Bridge,FALSE,0,,,,,,,,,,,,,,,,16010101,UBR,,,1.0,None,1.0,41.273852380000001,-110.966080259999998
11,Non-culvert Road Crossing,Bridge,Stringer_Multi-beam_or_Girder,UID_31681,Random,TRUE,10/6/2022 0:00:00,GG,NCRC,NCRC,TRUE,,Bridge,FALSE,0,,,,,,,,,,,,,,,,16010101,UBR,,,1.0,None,1.0,41.080120909999998,-110.771001769999998
12,Culvert,Culvert,Culvert,UID_97494,Random,TRUE,10/5/2022 0:00:00,GG,CUL,CUL,TRUE,,,,1,FALSE,FALSE,0.270000000000000,0.850000000000000,1.750000000000000,48.571428571428569,0.970000000000000,FALSE,0.000000000000000,FALSE,2644.356999999999971,2642.739999999999782,22.231112000000000,7.273590272948062,,16010101,UBR,0.1000000,1.5820000,0.67,WSD,0.67,40.931397339999997,-110.746893209999996
13,Culvert,Culvert,Culvert,UID_31772,ALTERNATE,TRUE,6/13/2023 0:00:00,GG,CUL,ABS,,,,,,,,,,,,,,,,,,,,,16010101,UBR,,,1.0,None,Absent,40.904355379999998,-110.738522040000007
14,Culvert,Culvert,Culvert,UID_63619,Random,TRUE,10/5/2022 0:00:00,GG,CUL,CUL,TRUE,,,,1,FALSE,FALSE,0.680000000000000,1.860000000000000,2.360000000000000,78.813559322033910,1.830000000000000,FALSE,0.000000000000000,FALSE,2866.155999999999949,2865.851000000000113,9.713766000000000,3.139873865603065,,16010101,UBR,0.1900000,2.3580000,0.33,WSD,0.33,40.891821069999999,-110.737891489999996
15,Culvert,Culvert,Culvert,UID_15082,Random,TRUE,10/5/2022 0:00:00,GG,CUL,CUL,TRUE,,,,1,FALSE,FALSE,0.000000000000000,2.640000000000000,3.600000000000000,73.333333333333343,2.680000000000000,FALSE,0.000000000000000,FALSE,2691.242000000000189,2689.322000000000116,30.702538000000001,6.253554673558495,,16010101,UBR,0.1600000,0.8700000,0.0,Slope,0.0,40.931628279999998,-110.732809200000005
16,Culvert,Culvert,Culvert,UID_64239,Random,TRUE,10/5/2022 0:00:00,GG,CUL,ABS,TRUE,,,,,,,,,,,,,,,,,,,,16010101,UBR,,,1.0,None,Absent,40.934220619999998,-110.698070360000003
17,Culvert,Culvert,Culvert,UID_68601,Random,TRUE,10/4/2022 0:00:00,GG,CUL,CUL,TRUE,,,,1,FALSE,FALSE,0.750000000000000,1.410000000000000,4.100000000000000,34.390243902439025,1.530000000000000,FALSE,0.000000000000000,FALSE,2899.101999999999862,2895.896999999999935,30.752241000000001,10.422004692275685,,16010101,UBR,0.4500000,2.0000000,0.33,WSD,0.33,40.759720119999997,-110.881645930000005
18,Culvert,Culvert,Culvert,UID_80963,Random,TRUE,10/4/2022 0:00:00,GG,CUL,CUL,TRUE,,,,1,TRUE,FALSE,0.000000000000000,1.820000000000000,20.000000000000000,9.100000000000000,1.230000000000000,FALSE,0.090000000000000,FALSE,2710.606999999999971,2710.253000000000156,14.912594000000000,2.373832480115897,,16010101,UBR,0.2700000,2.0760000,0.33,Slope,0.33,40.863124970000001,-110.926681380000005
19,Culvert,Culvert,Culvert,UID_60332,Random,TRUE,10/4/2022 0:00:00,GG,CUL,CUL,TRUE,,,,2,FALSE,FALSE,0.000000000000000,1.950000000000000,4.550000000000000,42.857142857142861,0.920000000000000,FALSE,0.000000000000000,FALSE,2768.592999999999847,2766.594000000000051,20.449088000000000,9.775497078401719,,16010101,UBR,0.5200000,1.3150001,0.0,Slope,0.0,40.787348809999997,-110.885938519999996
20,Culvert,Culvert,Culvert,UID_22467,Random,TRUE,10/5/2022 0:00:00,GG,CUL,CUL,TRUE,,,,1,FALSE,FALSE,0.300000000000000,1.750000000000000,1.160000000000000,150.862068965517267,1.540000000000000,TRUE,0.090000000000000,FALSE,2663.820999999999913,2663.672999999999774,18.320996999999998,0.807816299517642,,16010101,UBR,0.3800000,0.5570000,0.67,WSD,0.67,40.916190510000000,-110.770084710000006
21,Unknown Road Crossing,Road_Crossing,Unknown_Road_Crossing,UID_74979,Random,TRUE,10/11/2022 0:00:00,GG,URC,ABS,FALSE,,,,,,,,,,,,,,,,,,,,16010101,UBR,,,1.0,None,Absent,41.630339530000001,-111.312794429999997
22,Unknown Road Crossing,Road_Crossing,Unknown_Road_Crossing,UID_17918,Random,TRUE,10/11/2022 0:00:00,GG,URC,ABS,FALSE,,,,,,,,,,,,,,,,,,,,16010101,UBR,,,1.0,None,Absent,41.630295490000002,-111.257048990000001
23,Unknown Road Crossing,Road_Crossing,Unknown_Road_Crossing,UID_65842,ALTERNATE,TRUE,10/11/2022 0:00:00,GG,URC,CUL,TRUE,,,,1,FALSE,FALSE,0.000000000000000,1.730000000000000,2.390000000000000,72.384937238493720,1.160000000000000,FALSE,0.000000000000000,FALSE,2006.844000000000051,2006.784000000000106,7.422681000000000,0.808333269339548,,16010101,UBR,0.2900000,1.9600000,0.33,Velocity,0.33,41.580371300000003,-111.318920059999996
24,Unknown Road Crossing,Road_Crossing,Unknown_Road_Crossing,UID_97779,Random,TRUE,10/11/2022 0:00:00,GG,URC,ABS,FALSE,,,,,,,,,,,,,,,,,,,,16010101,UBR,,,1.0,None,Absent,41.640145099999998,-111.308293160000005
25,Unknown Road Crossing,Road_Crossing,Unknown_Road_Crossing,UID_30919,Random,TRUE,10/5/2022 0:00:00,GG,URC,NCRC,TRUE,,Ford,FALSE,,,,,,,,,,,,,,,,,16010101,UBR,,,1.0,None,1.0,40.884873079999998,-110.797484859999997
26,Unknown Road Crossing,Road_Crossing,Unknown_Road_Crossing,UID_69971,Random,TRUE,10/5/2022 0:00:00,GG,URC,CUL,TRUE,,,,1,FALSE,FALSE,0.000000000000000,1.640000000000000,3.400000000000000,48.235294117647058,1.810000000000000,FALSE,0.000000000000000,FALSE,2801.630999999999858,2801.181000000000040,12.623815000000000,3.564691022482649,,16010101,UBR,0.3400000,1.7050000,0.33,Slope,0.33,40.901401280000002,-110.740510520000001
27,Unknown Road Crossing,Road_Crossing,Unknown_Road_Crossing,UID_97206,ALTERNATE,TRUE,6/14/2023 0:00:00,GG,URC,CUL,TRUE,,,,2,FALSE,FALSE,0.000000000000000,2.280000000000000,5.200000000000000,43.846153846153840,1.470000000000000,FALSE,0.000000000000000,FALSE,1921.576999999999998,1921.480000000000018,16.190000000000001,0.599135268684249,,16010101,UBR,0.4000000,1.0599999,1.0,None,1.0,41.519790309999998,-111.165865479999994
28,Unknown Road Crossing,Road_Crossing,Unknown_Road_Crossing,UID_94587,ALTERNATE,TRUE,10/5/2022 0:00:00,GG,URC,CUL,FALSE,,,,1,FALSE,FALSE,,0.470000000000000,1.120000000000000,41.964285714285708,0.470000000000000,FALSE,0.000000000000000,FALSE,2880.802999999999884,2879.300000000000182,22.874185000000001,6.570725907828854,,16010101,UBR,,,Unknown,Dry,Unknown,40.932116800000003,-110.695146410000007
29,Unknown Road Crossing,Road_Crossing,Unknown_Road_Crossing,UID_48610,Random,TRUE,10/11/2022 0:00:00,GG,URC,CUL,TRUE,,,,1,TRUE,FALSE,0.000000000000000,1.830000000000000,3.800000000000000,48.157894736842110,1.370000000000000,TRUE,0.320000000000000,TRUE,1909.165999999999940,1908.763999999999896,12.245995000000001,3.282705896907876,,16010101,UBR,0.5800000,0.6310000,1.0,None,1.0,41.628443879999999,-111.217367830000001
30,Unknown Road Crossing,Road_Crossing,Unknown_Road_Crossing,UID_78183,Random,TRUE,10/5/2022 0:00:00,GG,URC,CUL,TRUE,,,,1,FALSE,FALSE,0.000000000000000,0.980000000000000,0.880000000000000,111.363636363636360,0.730000000000000,FALSE,0.000000000000000,FALSE,2791.251000000000204,2791.081000000000131,13.394750999999999,1.269153864824160,,16010101,UBR,0.2700000,1.4780000,0.67,Slope,0.67,40.854396549999997,-110.880685940000006
31,Unknown Road Crossing,Road_Crossing,Unknown_Road_Crossing,UID_50599,ALTERNATE,TRUE,10/11/2022 0:00:00,GG,URC,NCRC,TRUE,,Bridge,TRUE,,,,0.000000000000000,2.480000000000000,3.320000000000000,74.698795180722897,,,,,1891.575000000000045,1891.481999999999971,13.221012000000000,0.703425728681546,,16010101,UBR,,,1.0,None,1.0,41.688197199999998,-111.175718390000000
32,Unknown Road Crossing,Road_Crossing,Unknown_Road_Crossing,UID_67085,ALTERNATE,TRUE,10/10/2022 0:00:00,GG,URC,ABS,TRUE,,,,,,,,,,,,,,,,,,,,16010101,UBR,,,1.0,None,Absent,41.485182860000002,-111.343762620000007
33,Unknown Road Crossing,Road_Crossing,Unknown_Road_Crossing,UID_45847,ALTERNATE,TRUE,10/11/2022 0:00:00,GG,URC,ABS,TRUE,,,,,,,,,,,,,,,,,,,,16010101,UBR,,,1.0,None,Absent,41.501681370000000,-111.417664630000004
34,Unknown Road Crossing,Road_Crossing,Unknown_Road_Crossing,UID_73627,ALTERNATE,TRUE,10/11/2022 0:00:00,GG,URC,CUL,TRUE,,,,1,FALSE,FALSE,0.000000000000000,0.670000000000000,1.320000000000000,50.757575757575758,0.350000000000000,TRUE,0.010000000000000,FALSE,2311.581999999999880,2311.516999999999825,6.271632000000000,1.036412850754868,,16010101,UBR,0.2800000,0.2630000,0.67,Slope,0.67,41.501934239999997,-111.417595140000003
35,Unknown Road Crossing,Road_Crossing,Unknown_Road_Crossing,UID_76230,ALTERNATE,TRUE,10/11/2022 0:00:00,GG,URC,ABS,TRUE,,,,,,,,,,,,,,,,,,,,16010101,UBR,,,1.0,None,Absent,41.594881379999997,-111.303133770000002
36,Unknown Road Crossing,Road_Crossing,Unknown_Road_Crossing,UID_37638,Random,TRUE,10/4/2022 0:00:00,GG,URC,CUL,TRUE,,,,1,FALSE,FALSE,0.020000000000000,0.610000000000000,1.120000000000000,54.464285714285708,0.630000000000000,FALSE,0.000000000000000,FALSE,2746.556999999999789,2746.079000000000178,14.253075000000001,3.353662279891256,,16010101,UBR,0.0300000,0.4900000,0.33,Slope,0.33,40.816362620000000,-110.871584479999996
37,Unknown Road Crossing,Road_Crossing,Unknown_Road_Crossing,UID_29882,ALTERNATE,TRUE,10/11/2022 0:00:00,GG,URC,CUL,TRUE,,,,2,TRUE,FALSE,0.000000000000000,2.770000000000000,3.500000000000000,79.142857142857153,1.050000000000000,FALSE,0.100000000000000,FALSE,2306.054000000000087,2306.003000000000156,8.222683000000000,0.620235511936078,,16010101,UBR,0.0900000,0.6800000,0.33,Depth,0.33,41.483848530000003,-111.401101569999994
38,Unknown Road Crossing,Road_Crossing,Unknown_Road_Crossing,UID_27400,ALTERNATE,TRUE,10/6/2022 0:00:00,GG,URC,NCRC,FALSE,,Ford,FALSE,0,,,,,,,,,,,,,,,,16010101,UBR,,,1.0,None,1.0,40.882588970000000,-110.813041920000003
39,Unknown Road Crossing,Road_Crossing,Unknown_Road_Crossing,UID_48473,Random,TRUE,10/5/2022 0:00:00,GG,URC,CUL,TRUE,,,,1,FALSE,FALSE,0.000000000000000,0.950000000000000,0.800000000000000,118.749999999999972,0.930000000000000,FALSE,0.000000000000000,FALSE,2643.036999999999807,2640.286999999999807,37.882500999999998,7.259288398091774,,16010101,UBR,0.3800000,0.1580000,0.0,Slope,0.0,40.924887480000002,-110.758914720000007
40,Unknown Road Crossing,Road_Crossing,Unknown_Road_Crossing,UID_85617,ALTERNATE,TRUE,10/4/2022 0:00:00,GG,URC,CUL,TRUE,,,,1,FALSE,FALSE,0.000000000000000,1.600000000000000,1.560000000000000,102.564102564102583,1.300000000000000,FALSE,0.380000000000000,FALSE,2772.416000000000167,2772.547000000000025,14.784732000000000,0.886049202649450,,16010101,UBR,0.5200000,0.3040000,1.0,None,1.0,40.853904340000000,-110.871895960000003
41,Unknown Road Crossing,Road_Crossing,Unknown_Road_Crossing,UID_19084,ALTERNATE,TRUE,10/10/2022 0:00:00,GG,URC,NCRC,TRUE,,Bridge,TRUE,,,TRUE,0.000000000000000,6.580000000000000,7.350000000000000,89.523809523809533,,,,,1908.383000000000038,1908.405999999999949,6.987289000000000,0.329169152727343,,16010101,UBR,,,1.0,None,1.0,41.434562130000003,-111.161329159999994
42,Unknown Road Crossing,Road_Crossing,Unknown_Road_Crossing,UID_2253,Random,TRUE,10/10/2022 0:00:00,GG,URC,CUL,TRUE,,,,1,FALSE,NA,0.080000000000000,3.060000000000000,2.750000000000000,111.272727272727280,1.580000000000000,FALSE,0.080000000000000,FALSE,2035.497000000000071,2035.030999999999949,20.200364000000000,2.306889123384717,,16010101,UBR,0.2700000,2.5190001,0.0,Slope,0.0,41.503525809999999,-111.299095699999995
43,Unknown Road Crossing,Road_Crossing,Unknown_Road_Crossing,UID_40752,Random,TRUE,10/10/2022 0:00:00,GG,URC,CUL,TRUE,,,,1,FALSE,FALSE,0.000000000000000,1.730000000000000,2.390000000000000,72.384937238493720,1.130000000000000,FALSE,0.630000000000000,FALSE,2046.200000000000045,2046.009999999999991,20.970580999999999,0.906031168140046,,16010101,UBR,0.5100000,0.2100000,1.0,None,1.0,41.502323279999999,-111.305850160000006
44,Unknown Road Crossing,Road_Crossing,Unknown_Road_Crossing,UID_87393,ALTERNATE,TRUE,10/11/2022 0:00:00,GG,URC,CUL,TRUE,,,,1,FALSE,FALSE,0.000000000000000,0.460000000000000,1.050000000000000,43.809523809523810,0.460000000000000,FALSE,0.010000000000000,FALSE,2333.940000000000055,2333.847000000000207,6.185417000000000,1.503536463262658,,16010101,UBR,0.2500000,0.1520000,0.67,Slope,0.67,41.513960699999998,-111.420932170000000
45,Unknown Road Crossing,Road_Crossing,Unknown_Road_Crossing,UID_72078,Random,TRUE,10/4/2022 0:00:00,GG,URC,CUL,TRUE,,,,1,FALSE,FALSE,0.070000000000000,0.450000000000000,2.250000000000000,20.000000000000000,0.450000000000000,FALSE,0.000000000000000,FALSE,2792.347999999999956,2792.135999999999967,9.292859000000000,2.281321604040146,,16010101,UBR,0.0500000,1.8210000,0.33,Slope,0.33,40.851925170000001,-110.882522789999996
46,Unknown Road Crossing,Road_Crossing,Unknown_Road_Crossing,UID_71023,Random,TRUE,10/4/2022 0:00:00,GG,URC,ABS,TRUE,,,,,,,,,,,,,,,,,,,,16010101,UBR,,,1.0,None,Absent,40.845269819999999,-110.892843970000001
47,Unknown Road Crossing,Road_Crossing,Unknown_Road_Crossing,UID_82018,Random,TRUE,10/4/2022 0:00:00,GG,URC,ABS,TRUE,,,,,,,,,,,,,,,,,,,,16010101,UBR,,,1.0,None,Absent,40.846553419999999,-110.891647359999993
48,Unknown Road Crossing,Road_Crossing,Unknown_Road_Crossing,UID_26405,ALTERNATE,TRUE,10/10/2022 0:00:00,GG,URC,CUL,TRUE,,,,1,FALSE,FALSE,0.000000000000000,1.970000000000000,5.000000000000000,39.399999999999999,1.690000000000000,TRUE,0.390000000000000,TRUE,1898.660000000000082,1898.843000000000075,12.237788000000000,1.495368280607514,,16010101,UBR,0.9700000,0.4510000,1.0,None,1.0,41.528842779999998,-111.140084320000000
49,Unknown Road Crossing,Road_Crossing,Unknown_Road_Crossing,UID_94507,Random,TRUE,10/4/2022 0:00:00,GG,URC,ABS,TRUE,,,,,,,,,,,,,,,,,,,,16010101,UBR,,,1.0,None,Absent,40.858407970000002,-110.938002190000006
50,Unknown Road Crossing,Road_Crossing,Unknown_Road_Crossing,UID_8067,Random,TRUE,10/11/2022 0:00:00,GG,URC,CUL,TRUE,,,,1,FALSE,FALSE,0.000000000000000,1.670000000000000,3.010000000000000,55.481727574750828,0.990000000000000,FALSE,0.000000000000000,FALSE,1938.609999999999900,1938.705999999999904,4.924110000000000,1.949590890536638,,16010101,UBR,0.6500000,1.0080000,0.67,Slope,0.67,41.608722110000002,-111.258442140000000
51,Unknown Road Crossing,Road_Crossing,Unknown_Road_Crossing,UID_55938,ALTERNATE,TRUE,10/10/2022 0:00:00,GG,URC,CUL,TRUE,,,,1,FALSE,FALSE,0.000000000000000,1.860000000000000,3.390000000000000,54.867256637168140,1.090000000000000,FALSE,0.000000000000000,FALSE,2308.454000000000178,2308.206999999999880,15.006042000000001,1.646003656395859,,16010101,UBR,0.1600000,0.3270000,0.67,Slope,0.67,41.484645460000003,-111.407365420000005
52,Unknown Road Crossing,Road_Crossing,Unknown_Road_Crossing,UID_49683,ALTERNATE,TRUE,6/14/2023 0:00:00,GG,URC,CUL,TRUE,,,,1,FALSE,FALSE,0.000000000000000,1.570000000000000,4.900000000000000,32.040816326530610,1.550000000000000,FALSE,0.000000000000000,FALSE,1913.432999999999993,1913.259000000000015,12.215835000000000,1.424380732057843,,16010101,UBR,0.8700000,1.1190000,0.67,Slope,0.67,41.524038200000000,-111.155832029999999
53,Unknown Road Crossing,Road_Crossing,Unknown_Road_Crossing,UID_74040,Random,TRUE,10/4/2022 0:00:00,GG,URC,CUL,TRUE,,,,1,FALSE,FALSE,0.000000000000000,2.100000000000000,20.000000000000000,10.500000000000002,1.980000000000000,FALSE,0.150000000000000,FALSE,2850.590000000000146,2850.530000000000200,20.839285000000000,0.287917747657587,,16010101,UBR,0.4200000,0.4880000,1.0,None,1.0,40.828058239999997,-110.937254300000006
54,Unknown Road Crossing,Road_Crossing,Unknown_Road_Crossing,UID_77254,Random,TRUE,10/11/2022 0:00:00,GG,URC,NCRC,TRUE,,Bridge,FALSE,0,,,,,,,,,,,,,,,,16010101,UBR,,,1.0,None,1.0,41.721255460000002,-111.075944930000006
55,Unknown Road Crossing,Road_Crossing,Unknown_Road_Crossing,UID_31145,Random,TRUE,10/11/2022 0:00:00,GG,URC,ABS,FALSE,,,,,,,,,,,,,,,,,,,,16010101,UBR,,,1.0,None,Absent,41.665527689999998,-111.191886199999999
56,Unknown Road Crossing,Road_Crossing,Unknown_Road_Crossing,UID_28900,ALTERNATE,TRUE,10/5/2022 0:00:00,GG,URC,ABS,TRUE,,,,,,,,,,,,,,,,,,,,16010101,UBR,,,1.0,None,Absent,40.926369049999998,-110.734850069999993
57,Unknown Road Crossing,Road_Crossing,Unknown_Road_Crossing,UID_78721,ALTERNATE,TRUE,10/4/2022 0:00:00,GG,URC,CUL,TRUE,,,,1,FALSE,FALSE,0.000000000000000,0.930000000000000,2.800000000000000,33.214285714285715,0.920000000000000,FALSE,0.000000000000000,FALSE,2665.217000000000098,2663.731000000000222,22.288167999999999,6.667214640520820,,16010101,UBR,0.1700000,0.0450000,0.0,Slope,0.0,40.838971579999999,-110.847969219999996
58,Unknown Road Crossing,Road_Crossing,Unknown_Road_Crossing,UID_36423,ALTERNATE,TRUE,6/14/2023 0:00:00,GG,URC,ABS,,,,,,,,,,,,,,,,,,,,,16010101,UBR,,,1.0,None,Absent,41.640999290000003,-111.382352499999996
59,Unknown Road Crossing,Road_Crossing,Unknown_Road_Crossing,UID_34974,Random,TRUE,10/10/2022 0:00:00,GG,URC,CUL,TRUE,,,,1,FALSE,FALSE,0.000000000000000,2.300000000000000,5.500000000000000,41.818181818181813,1.670000000000000,FALSE,0.000000000000000,FALSE,1991.589999999999918,1991.497000000000071,12.383176000000001,0.751018963146831,,16010101,UBR,0.7200000,0.5530000,1.0,None,1.0,41.493413969999999,-111.260706580000004
60,Unknown Road Crossing,Road_Crossing,Unknown_Road_Crossing,UID_83616,Random,TRUE,10/11/2022 0:00:00,GG,URC,CUL,TRUE,,,,1,FALSE,FALSE,0.170000000000000,0.650000000000000,1.590000000000000,40.880503144654092,0.520000000000000,FALSE,0.000000000000000,FALSE,1980.790999999999940,1980.038999999999987,9.228344000000000,8.148807630057492,,16010101,UBR,0.0500000,0.8640000,0.0,Slope,0.0,41.658396590000002,-111.269288099999997
61,Unknown Road Crossing,Road_Crossing,Unknown_Road_Crossing,UID_51868,ALTERNATE,TRUE,10/4/2022 0:00:00,GG,URC,NCRC,TRUE,,Ford,FALSE,0,,,,,,,,,,,,,,,,16010101,UBR,,,1.0,None,1.0,40.853434249999999,-110.956046430000001
62,Unknown Road Crossing,Road_Crossing,Unknown_Road_Crossing,UID_46329,ALTERNATE,TRUE,10/6/2022 0:00:00,GG,URC,NCRC,TRUE,,Bridge,FALSE,0,,,,,,,,,,,,,,,,16010101,UBR,,,1.0,None,1.0,41.053824919999997,-110.744103749999994
63,Unknown Road Crossing,Road_Crossing,Unknown_Road_Crossing,UID_16908,ALTERNATE,TRUE,10/6/2022 0:00:00,GG,URC,CUL,TRUE,,,,1,FALSE,FALSE,0.000000000000000,3.150000000000000,2.300000000000000,136.956521739130437,2.250000000000000,FALSE,0.000000000000000,FALSE,2147.342999999999847,2147.280999999999949,19.953202999999998,0.310727054698427,,16010101,UBR,0.4000000,0.5430000,1.0,None,1.0,41.082091210000002,-111.004972969999997
64,Unknown Road Crossing,Road_Crossing,Unknown_Road_Crossing,UID_30110,Random,TRUE,10/10/2022 0:00:00,GG,URC,CUL,TRUE,,,,1,FALSE,FALSE,0.000000000000000,2.400000000000000,3.500000000000000,68.571428571428569,2.400000000000000,FALSE,0.000000000000000,FALSE,2229.284999999999854,2229.197999999999865,21.193871999999999,0.410496015074495,,16010101,UBR,0.3000000,2.3440001,0.33,Velocity,0.33,41.097352100000002,-110.819759890000000
65,Unknown Road Crossing,Road_Crossing,Unknown_Road_Crossing,UID_38660,Random,TRUE,10/6/2022 0:00:00,GG,URC,CUL,TRUE,,,,1,FALSE,FALSE,0.000000000000000,1.570000000000000,0.670000000000000,234.328358208955223,0.880000000000000,FALSE,0.000000000000000,FALSE,2417.235999999999876,2416.650999999999840,12.402763000000000,4.716690950234527,,16010101,UBR,0.2700000,1.4890000,0.0,Slope,0.0,41.054166170000002,-110.743186550000004
66,Unknown Road Crossing,Road_Crossing,Unknown_Road_Crossing,UID_52745,ALTERNATE,TRUE,10/5/2022 0:00:00,GG,URC,CUL,TRUE,,,,1,TRUE,FALSE,0.000000000000000,1.910000000000000,3.100000000000000,61.612903225806448,1.650000000000000,FALSE,0.170000000000000,FALSE,2229.574999999999818,2229.434999999999945,16.319372000000001,0.857876148664744,,16010101,UBR,0.9000000,1.9270000,0.33,Velocity,0.33,41.080754849999998,-110.910046149999999
67,Unknown Road Crossing,Road_Crossing,Unknown_Road_Crossing,UID_45607,ALTERNATE,TRUE,10/10/2022 0:00:00,GG,URC,CUL,TRUE,,,,1,TRUE,FALSE,0.000000000000000,4.500000000000000,6.400000000000000,70.312500000000000,2.460000000000000,TRUE,0.070000000000000,FALSE,2044.915999999999940,2045.382000000000062,22.326367000000001,2.087218220501893,,16010101,UBR,0.5500000,0.6540000,0.0,Slope,0.0,41.213123469999999,-111.014603940000001
68,Unknown Road Crossing,Road_Crossing,Unknown_Road_Crossing,UID_47052,ALTERNATE,TRUE,10/6/2022 0:00:00,GG,URC,CUL,TRUE,,,,1,FALSE,FALSE,0.000000000000000,1.230000000000000,2.500000000000000,49.200000000000003,1.050000000000000,FALSE,0.200000000000000,FALSE,2321.740999999999985,2321.510999999999967,15.450742999999999,1.488601551394766,,16010101,UBR,0.4800000,0.0000000,0.67,Slope,0.67,41.074468889999999,-110.766044210000004
69,Unknown Road Crossing,Road_Crossing,Unknown_Road_Crossing,UID_61610,ALTERNATE,TRUE,10/6/2022 0:00:00,GG,URC,NCRC,TRUE,,Bridge,FALSE,0,,,,,,,,,,,,,,,,16010101,UBR,,,1.0,None,1.0,41.035008800000000,-110.967852080000000
70,Unknown Road Crossing,Road_Crossing,Unknown_Road_Crossing,UID_2140,Random,TRUE,10/10/2022 0:00:00,GG,URC,CUL,TRUE,,,,1,FALSE,FALSE,0.000000000000000,3.620000000000000,3.900000000000000,92.820512820512818,2.500000000000000,TRUE,0.280000000000000,FALSE,2024.900000000000091,2024.887999999999920,32.634377999999998,0.036771039424042,,16010101,UBR,0.5800000,0.3430000,1.0,None,1.0,41.253282220000003,-111.007071379999999
71,Non-culvert Road Crossing,Bridge,Tee_Beam,UID_26978,Random,TRUE,10/19/2022 0:00:00,GG,NCRC,NCRC,TRUE,,Bridge,FALSE,0,,,,,,,,,,,,,,,,16010203,LR,,,1.0,None,1.0,41.633733210000003,-111.890530139999996
72,Non-culvert Road Crossing,Bridge,Stringer_Multi-beam_or_Girder,UID_23462,Random,TRUE,10/20/2022 0:00:00,GG,NCRC,NCRC,TRUE,,Bridge,FALSE,0,,,,,,,,,,,,,,,,16010203,LR,,,1.0,None,1.0,41.722588229999999,-111.832493779999993
73,Non-culvert Road Crossing,Bridge,Frame,UID_57290,Random,TRUE,10/19/2022 0:00:00,GG,NCRC,NCRC,TRUE,,Bridge,FALSE,0,,,,,,,,,,,,,,,,16010203,LR,,,1.0,None,1.0,41.642964800000001,-111.926124880000003
74,Non-culvert Road Crossing,Bridge,Stringer_Multi-beam_or_Girder,UID_79115,Random,TRUE,10/17/2022 0:00:00,GG,NCRC,NCRC,TRUE,,Bridge,FALSE,0,,,,,,,,,,,,,,,,16010203,LR,,,1.0,None,1.0,41.574885610000003,-111.564159970000006
75,Non-culvert Road Crossing,Bridge,Frame,UID_36179,Random,TRUE,10/20/2022 0:00:00,GG,NCRC,NCRC,TRUE,,Bridge,FALSE,,,,,,,,,,,,,,,,,16010203,LR,,,1.0,None,1.0,41.725188830000000,-111.825516320000006
76,Non-culvert Road Crossing,Bridge,Arch_Deck,UID_71289,Random,TRUE,10/20/2022 0:00:00,GG,NCRC,NCRC,TRUE,,Bridge,FALSE,0,,,,,,,,,,,,,,,,16010203,LR,,,1.0,None,1.0,41.720701939999998,-111.835418320000002
77,Culvert,Culvert,Culvert,UID_68162,Random,TRUE,9/27/2022 0:00:00,GG,CUL,ABS,TRUE,,,,,,,,,,,,,,,,,,,,16010203,LR,,,1.0,None,Absent,41.742812819999997,-111.761332640000006
78,Non-culvert Road Crossing,Bridge,Stringer_Multi-beam_or_Girder,UID_27649,Random,TRUE,9/27/2022 0:00:00,GG,NCRC,NCRC,TRUE,,Bridge,FALSE,0,,,,,,,,,,,,,,,,16010203,LR,,,1.0,None,1.0,41.832278369999997,-111.601096060000003
79,Non-culvert Road Crossing,Bridge,Stringer_Multi-beam_or_Girder,UID_90783,Random,TRUE,10/18/2022 0:00:00,GG,NCRC,NCRC,TRUE,,Bridge,FALSE,0,,,,,,,,,,,,,,,,16010203,LR,,,1.0,None,1.0,41.896669670000001,-111.564450330000000
80,Culvert,Culvert,Culvert,UID_25699,Random,TRUE,9/27/2022 0:00:00,GG,CUL,CUL,TRUE,,,,2,FALSE,FALSE,0.000000000000000,7.880000000000000,13.460000000000001,58.543833580980674,1.920000000000000,TRUE,0.160000000000000,FALSE,1542.084000000000060,1541.766000000000076,43.365698000000002,0.733298470141040,,16010203,LR,0.3100000,2.9900000,0.33,Velocity,0.33,41.763946199999999,-111.672482149999993
81,Non-culvert Road Crossing,Bridge,Box_Beam_or_Girders_Multiple,UID_45482,Random,TRUE,9/20/2022 0:00:00,GG,NCRC,NCRC,TRUE,,Bridge,FALSE,0,,,,,,,,,,,,,,,,16010203,LR,,,1.0,None,1.0,41.831389999999999,-111.580918870000005
82,Non-culvert Road Crossing,Slab,Slab,UID_88737,Random,TRUE,10/31/2022 0:00:00,GG,NCRC,NCRC,TRUE,,Bridge,FALSE,,,,,,,,,,,,,,,,,16010203,LR,,,1.0,None,1.0,41.933088859999998,-111.566306639999993
83,Culvert,Culvert,Culvert,UID_59290,Random,TRUE,10/20/2022 0:00:00,GG,CUL,CUL,TRUE,,,,1,FALSE,FALSE,0.570000000000000,1.240000000000000,3.480000000000000,35.632183908045981,1.240000000000000,FALSE,0.000000000000000,FALSE,1927.634999999999991,1926.776000000000067,9.360999000000000,9.176371026211237,,16010203,LR,0.0800000,0.6670000,0.33,WSD,0.33,41.863907800000000,-111.588007630000007
84,Culvert,Culvert,Culvert,UID_34537,Random,TRUE,10/31/2022 0:00:00,GG,CUL,CUL,TRUE,,,,1,FALSE,FALSE,0.000000000000000,1.740000000000000,2.770000000000000,62.815884476534301,1.270000000000000,FALSE,0.000000000000000,FALSE,2127.557999999999993,2127.302999999999884,18.263407000000001,1.396234557988600,,16010203,LR,0.3900000,1.9000000,0.67,Slope,0.67,41.970736039999998,-111.531936560000005
85,Culvert,Culvert,Culvert,UID_76804,Random,TRUE,10/17/2022 0:00:00,GG,CUL,CUL,TRUE,,,,2,FALSE,FALSE,0.000000000000000,3.050000000000000,2.180000000000000,139.908256880733916,0.900000000000000,TRUE,0.080000000000000,FALSE,1810.893000000000029,1810.868999999999915,9.352599000000000,0.256613161754445,,16010203,LR,0.2800000,0.2850000,0.67,Depth,0.67,41.644758469999999,-111.549755980000000
86,Culvert,Culvert,Culvert,UID_22326,Random,TRUE,10/17/2022 0:00:00,GG,CUL,CUL,TRUE,,,,1,FALSE,FALSE,0.000000000000000,2.310000000000000,2.410000000000000,95.850622406638990,1.130000000000000,TRUE,0.090000000000000,FALSE,1683.191000000000031,1683.222999999999956,8.032019000000000,0.398405432057935,,16010203,LR,0.4500000,0.8960000,1.0,None,1.0,41.601988120000001,-111.566627359999998
87,Culvert,Culvert,Culvert,UID_22633,Random,TRUE,9/27/2022 0:00:00,GG,CUL,ABS,TRUE,,,,,,,,,,,,,,,,,,,,16010203,LR,,,1.0,None,Absent,41.764270680000003,-111.692724220000002
88,Culvert,Culvert,Culvert,UID_43354,Random,TRUE,9/26/2022 0:00:00,GG,CUL,CUL,TRUE,,,,1,FALSE,FALSE,0.000000000000000,1.750000000000000,4.300000000000000,40.697674418604649,1.370000000000000,FALSE,0.000000000000000,FALSE,2273.599999999999909,2273.454999999999927,9.748457999999999,1.487414727539287,,16010203,LR,0.3500000,2.1400001,0.67,Slope,0.67,41.997505830000001,-111.520441590000004
89,Culvert,Culvert,Culvert,UID_50908,Random,TRUE,9/26/2022 0:00:00,GG,CUL,CUL,TRUE,,,,1,FALSE,FALSE,0.000000000000000,1.600000000000000,3.520000000000000,45.454545454545460,1.750000000000000,FALSE,0.000000000000000,FALSE,2331.186000000000149,2330.750000000000000,8.947058000000000,4.873110244732393,,16010203,LR,0.5200000,1.9000000,0.0,Slope,0.0,42.004643860000002,-111.521616129999998
90,Culvert,Culvert,Culvert,UID_87425,Random,TRUE,9/26/2022 0:00:00,GG,CUL,CUL,TRUE,,,,1,FALSE,FALSE,0.000000000000000,1.930000000000000,4.100000000000000,47.073170731707322,1.450000000000000,FALSE,0.000000000000000,FALSE,2180.806999999999789,2180.556000000000040,7.415763000000000,3.384682061707594,,16010203,LR,0.3900000,2.2780001,0.33,Slope,0.33,41.983022120000001,-111.523659530000003
91,Unknown Road Crossing,Road_Crossing,Unknown_Road_Crossing,UID_89223,ALTERNATE,TRUE,10/18/2022 0:00:00,GG,URC,CUL,FALSE,,,,1,FALSE,NA,,0.610000000000000,0.870000000000000,70.114942528735639,0.600000000000000,FALSE,0.000000000000000,FALSE,1545.211000000000013,1545.037000000000035,14.232822000000001,1.222526354927914,,16010203,LR,,,Unknown,Dry,Unknown,41.642727530000002,-111.706539829999997
92,Unknown Road Crossing,Road_Crossing,Unknown_Road_Crossing,UID_57622,Random,TRUE,10/17/2022 0:00:00,GG,URC,CUL,TRUE,,,,1,FALSE,FALSE,0.000000000000000,0.770000000000000,0.800000000000000,96.250000000000000,0.750000000000000,FALSE,0.000000000000000,FALSE,1908.010999999999967,1908.067999999999984,5.024759000000000,1.134382763432363,,16010203,LR,0.3100000,1.2370000,0.67,Slope,0.67,41.705378889999999,-111.613929600000006
93,Unknown Road Crossing,Road_Crossing,Unknown_Road_Crossing,UID_22118,Random,TRUE,10/19/2022 0:00:00,GG,URC,CUL,TRUE,,,,1,FALSE,FALSE,0.000000000000000,1.580000000000000,5.000000000000000,31.600000000000001,1.230000000000000,FALSE,0.000000000000000,FALSE,1329.336000000000013,1328.512999999999920,5.726091000000000,14.372806858991460,,16010203,LR,0.9500000,2.7600000,0.0,Slope,0.0,41.698189929999998,-111.937767030000003
94,Unknown Road Crossing,Road_Crossing,Unknown_Road_Crossing,UID_22485,Random,TRUE,10/20/2022 0:00:00,GG,URC,CUL,TRUE,,,,1,TRUE,TRUE,0.000000000000000,0.850000000000000,2.100000000000000,40.476190476190474,0.940000000000000,FALSE,0.000000000000000,FALSE,1460.192000000000007,1460.166999999999916,25.152474000000002,0.099393801182703,,16010203,LR,0.2100000,0.0000000,0.67,Velocity,0.67,41.753470249999999,-111.789610920000001
95,Unknown Road Crossing,Road_Crossing,Unknown_Road_Crossing,UID_16999,ALTERNATE,TRUE,10/19/2022 0:00:00,GG,URC,NCRC,TRUE,,Bridge,FALSE,,,,,,,,,,,,,,,,,16010203,LR,,,1.0,None,1.0,41.718687500000001,-111.946393319999999
96,Unknown Road Crossing,Road_Crossing,Unknown_Road_Crossing,UID_48946,ALTERNATE,TRUE,10/19/2022 0:00:00,GG,URC,CUL,TRUE,,,,1,FALSE,FALSE,0.000000000000000,1.420000000000000,3.750000000000000,37.866666666666667,1.500000000000000,FALSE,0.000000000000000,FALSE,1358.050999999999931,1357.976000000000113,15.035470000000000,0.498820455894083,,16010203,LR,0.3600000,1.0270000,1.0,None,1.0,41.630917820000001,-111.931894729999996
97,Unknown Road Crossing,Road_Crossing,Unknown_Road_Crossing,UID_90906,ALTERNATE,TRUE,10/17/2022 0:00:00,GG,URC,CUL,TRUE,,,,1,FALSE,FALSE,0.000000000000000,0.650000000000000,0.900000000000000,72.222222222222214,0.650000000000000,FALSE,0.000000000000000,FALSE,2021.048000000000002,2020.654999999999973,9.911711000000000,3.965006647187646,,16010203,LR,0.0300000,0.4900000,0.33,Slope,0.33,41.492370809999997,-111.575364129999997
98,Unknown Road Crossing,Road_Crossing,Unknown_Road_Crossing,UID_16343,ALTERNATE,TRUE,10/18/2022 0:00:00,GG,URC,ABS,FALSE,,,,,,,,,,,,,,,,,,,,16010203,LR,,,1.0,None,Absent,41.452701210000001,-111.844500609999997
99,Unknown Road Crossing,Road_Crossing,Unknown_Road_Crossing,UID_46641,Random,TRUE,9/19/2022 0:00:00,GG,URC,ABS,FALSE,,,,,,,,,,,,,,,,,,,,16010203,LR,,,1.0,None,Absent,41.604540600000000,-111.975449870000006
100,Unknown Road Crossing,Road_Crossing,Unknown_Road_Crossing,UID_27463,Random,TRUE,9/17/2022 0:00:00,GG,URC,ABS,TRUE,,,,,,,,,,,,,,,,,,,,16010203,LR,,,1.0,None,Absent,41.643343700000003,-111.542160030000005
101,Unknown Road Crossing,Road_Crossing,Unknown_Road_Crossing,UID_74460,ALTERNATE,TRUE,10/19/2022 0:00:00,GG,URC,CUL,TRUE,,,,1,FALSE,FALSE,0.000000000000000,1.060000000000000,1.750000000000000,60.571428571428577,0.620000000000000,FALSE,0.000000000000000,FALSE,1406.404999999999973,1406.603000000000065,6.831232000000000,2.898452285035741,,16010203,LR,0.1500000,0.5500000,0.33,Slope,0.33,41.612980559999997,-111.929770599999998
102,Unknown Road Crossing,Road_Crossing,Unknown_Road_Crossing,UID_43149,Random,TRUE,10/18/2022 0:00:00,GG,URC,NCRC,FALSE,,Bridge,FALSE,0,,,,,,,,,,,,,,,,16010203,LR,,,1.0,None,1.0,41.568567070000000,-111.829524960000001
103,Unknown Road Crossing,Road_Crossing,Unknown_Road_Crossing,UID_74142,ALTERNATE,TRUE,10/18/2022 0:00:00,GG,URC,CUL,FALSE,,,,1,FALSE,NA,,0.790000000000000,1.380000000000000,57.246376811594210,0.540000000000000,TRUE,0.180000000000000,TRUE,1575.685999999999922,1575.227000000000089,27.144670000000001,1.690939694606096,,16010203,LR,,,Unknown,Dry,Unknown,41.579404490000002,-111.800859419999995
104,Unknown Road Crossing,Road_Crossing,Unknown_Road_Crossing,UID_3557,ALTERNATE,TRUE,10/20/2022 0:00:00,GG,URC,CUL,TRUE,,,,1,FALSE,FALSE,0.280000000000000,0.940000000000000,1.050000000000000,89.523809523809518,0.820000000000000,FALSE,0.000000000000000,FALSE,1512.903000000000020,1512.365999999999985,12.424801000000000,4.322000811119909,,16010203,LR,0.2900000,1.7200000,0.67,WSD,0.67,41.767872019999999,-111.779860950000000
105,Unknown Road Crossing,Road_Crossing,Unknown_Road_Crossing,UID_80695,Random,TRUE,7/27/2022 0:00:00,GG,URC,ABS,TRUE,,,,,,,,,,,,,,,,,,,,16010203,LR,,,1.0,None,Absent,41.689219190000003,-111.737006070000007
106,Unknown Road Crossing,Road_Crossing,Unknown_Road_Crossing,UID_36189,Random,TRUE,10/17/2022 0:00:00,GG,URC,ABS,FALSE,,,,,,,,,,,,,,,,,,,,16010203,LR,,,1.0,None,Absent,41.519483670000000,-111.499026929999999
107,Unknown Road Crossing,Road_Crossing,Unknown_Road_Crossing,UID_45910,Random,TRUE,9/27/2022 0:00:00,GG,URC,NCRC,FALSE,,Bridge,FALSE,0,,,,,,,,,,,,,,,,16010203,LR,,,1.0,None,1.0,41.813914480000001,-111.620532060000002
108,Unknown Road Crossing,Road_Crossing,Unknown_Road_Crossing,UID_44978,Random,TRUE,10/19/2022 0:00:00,GG,URC,CUL,TRUE,,,,1,FALSE,FALSE,0.000000000000000,2.030000000000000,5.200000000000000,39.038461538461533,1.270000000000000,FALSE,0.000000000000000,FALSE,1329.038000000000011,1329.123000000000047,9.132364000000001,0.930755716702010,,16010203,LR,1.3000000,0.9600000,1.0,None,1.0,41.692696189999999,-111.934216000000006
109,Unknown Road Crossing,Road_Crossing,Unknown_Road_Crossing,UID_44845,ALTERNATE,TRUE,10/18/2022 0:00:00,GG,URC,ABS,FALSE,,,,,,,,,,,,,,,,,,,,16010203,LR,,,1.0,None,Absent,41.420113000000001,-111.839542730000005
110,Unknown Road Crossing,Road_Crossing,Unknown_Road_Crossing,UID_20447,ALTERNATE,TRUE,10/18/2022 0:00:00,GG,URC,CUL,TRUE,,,,1,FALSE,FALSE,0.000000000000000,0.530000000000000,2.460000000000000,21.544715447154474,0.510000000000000,FALSE,0.000000000000000,FALSE,1779.329999999999927,1779.127999999999929,15.418915000000000,1.310079211150708,,16010203,LR,0.1500000,1.8670000,0.67,Slope,0.67,41.427349990000003,-111.834921199999997
111,Unknown Road Crossing,Road_Crossing,Unknown_Road_Crossing,UID_44552,ALTERNATE,TRUE,10/31/2022 0:00:00,GG,URC,ABS,TRUE,,,,,,,,,,,,,,,,,,,,16010203,LR,,,1.0,None,Absent,41.946976679999999,-111.580948550000002
112,Unknown Road Crossing,Road_Crossing,Unknown_Road_Crossing,UID_63753,Random,TRUE,9/26/2022 0:00:00,GG,URC,ABS,FALSE,,,,,,,,,,,,,,,,,,,,16010203,LR,,,1.0,None,Absent,41.958330969999999,-111.513378290000006
113,Unknown Road Crossing,Road_Crossing,Unknown_Road_Crossing,UID_61632,ALTERNATE,TRUE,10/18/2022 0:00:00,GG,URC,NCRC,TRUE,,Bridge,FALSE,0,,,,,,,,,,,,,,,,16010203,LR,,,1.0,None,1.0,41.456709019999998,-111.831939809999994
114,Unknown Road Crossing,Road_Crossing,Unknown_Road_Crossing,UID_35535,Random,TRUE,9/26/2022 0:00:00,GG,URC,CUL,TRUE,,,,1,FALSE,FALSE,0.180000000000000,1.830000000000000,3.820000000000000,47.905759162303667,1.110000000000000,FALSE,0.000000000000000,FALSE,1793.150000000000091,1793.019999999999982,9.990122000000000,1.301285409728822,,16010203,LR,0.2800000,2.4349999,0.67,Slope,0.67,41.826823169999997,-111.575757269999997
115,Unknown Road Crossing,Road_Crossing,Unknown_Road_Crossing,UID_62463,ALTERNATE,TRUE,10/17/2022 0:00:00,GG,URC,NCRC,TRUE,,Bridge,FALSE,0,,,,,,,,,,,,,,,,16010203,LR,,,1.0,None,1.0,41.588987600000003,-111.566740749999994
116,Unknown Road Crossing,Road_Crossing,Unknown_Road_Crossing,UID_57434,ALTERNATE,TRUE,10/18/2022 0:00:00,GG,URC,NCRC,TRUE,,Bridge,FALSE,0,,,,,,,,,,,,,,,,16010203,LR,,,1.0,None,1.0,41.619809210000000,-111.655761870000006
117,Unknown Road Crossing,Road_Crossing,Unknown_Road_Crossing,UID_94738,Random,TRUE,9/27/2022 0:00:00,GG,URC,CUL,TRUE,,,,1,FALSE,FALSE,0.250000000000000,1.608000000000000,1.560000000000000,103.076923076923094,1.040000000000000,FALSE,0.000000000000000,FALSE,1545.884999999999991,1544.957000000000107,21.089373999999999,4.400320275034638,,16010203,LR,0.1900000,2.9840000,0.67,WSD,0.67,41.692596129999998,-111.793853609999999
118,Unknown Road Crossing,Road_Crossing,Unknown_Road_Crossing,UID_76126,Random,TRUE,9/26/2022 0:00:00,GG,URC,NCRC,FALSE,,Ford,FALSE,0,,,,,,,,,,,,,,,,16010203,LR,,,1.0,None,1.0,41.793323180000002,-111.472001629999994
119,Unknown Road Crossing,Road_Crossing,Unknown_Road_Crossing,UID_35871,Random,TRUE,9/26/2022 0:00:00,GG,URC,CUL,TRUE,,,,1,FALSE,FALSE,0.250000000000000,1.200000000000000,1.500000000000000,80.000000000000000,0.760000000000000,FALSE,0.000000000000000,FALSE,2220.860000000000127,2220.300000000000182,14.039165000000001,3.988841216695903,,16010203,LR,0.0400000,0.1410000,0.67,WSD,0.67,41.802516210000000,-111.468893809999997
120,Unknown Road Crossing,Road_Crossing,Unknown_Road_Crossing,UID_39278,Random,TRUE,10/18/2022 0:00:00,GG,URC,NCRC,TRUE,,Bridge,FALSE,0,,,,,,,,,,,,,,,,16010203,LR,,,1.0,None,1.0,41.518881010000001,-111.750966039999994
121,Unknown Road Crossing,Road_Crossing,Unknown_Road_Crossing,UID_33058,ALTERNATE,TRUE,10/18/2022 0:00:00,GG,URC,NCRC,TRUE,,Bridge,FALSE,0,,,,,,,,,,,,,,,,16010203,LR,,,1.0,None,1.0,41.937695269999999,-111.556357930000004
122,Unknown Road Crossing,Road_Crossing,Unknown_Road_Crossing,UID_398,Random,TRUE,9/26/2022 0:00:00,GG,URC,CUL,TRUE,,,,1,TRUE,FALSE,0.000000000000000,0.650000000000000,1.950000000000000,33.333333333333336,0.640000000000000,FALSE,0.020000000000000,FALSE,2087.996999999999844,2087.501000000000204,14.830655999999999,3.344423874437111,,16010203,LR,0.3900000,0.4760000,0.33,Slope,0.33,41.958793550000003,-111.538418160000006
123,Unknown Road Crossing,Road_Crossing,Unknown_Road_Crossing,UID_70106,ALTERNATE,TRUE,9/26/2022 0:00:00,GG,URC,ABS,FALSE,,,,,,,,,,,,,,,,,,,,16010203,LR,,,1.0,None,Absent,41.975291669999997,-111.531515870000007
124,Unknown Road Crossing,Road_Crossing,Unknown_Road_Crossing,UID_60631,ALTERNATE,TRUE,10/18/2022 0:00:00,GG,URC,CUL,TRUE,,,,1,FALSE,FALSE,0.000000000000000,0.920000000000000,2.210000000000000,41.628959276018101,0.910000000000000,FALSE,0.000000000000000,FALSE,1877.550999999999931,1877.182000000000016,12.410968000000000,2.973176628929464,,16010203,LR,0.2100000,0.0310000,0.33,Slope,0.33,41.413243500000000,-111.845483009999995
125,Unknown Road Crossing,Road_Crossing,Unknown_Road_Crossing,UID_3813,Random,TRUE,9/26/2022 0:00:00,GG,URC,CUL,TRUE,,,,1,FALSE,FALSE,0.000000000000000,0.600000000000000,1.400000000000000,42.857142857142861,0.640000000000000,TRUE,0.230000000000000,TRUE,2444.349000000000160,2443.835999999999785,15.473013999999999,3.315449724277214,,16010203,LR,0.0400000,0.1040000,0.0,Depth,0.0,41.824400910000001,-111.501419589999998
126,Unknown Road Crossing,Road_Crossing,Unknown_Road_Crossing,UID_74217,ALTERNATE,TRUE,10/17/2022 0:00:00,GG,URC,CUL,TRUE,,,,1,FALSE,FALSE,0.000000000000000,0.840000000000000,1.520000000000000,55.263157894736835,0.650000000000000,FALSE,0.000000000000000,FALSE,2046.505000000000109,2045.387999999999920,23.092804000000001,4.837004635730633,,16010203,LR,0.0200000,0.4900000,0.0,Slope,0.0,41.482189280000000,-111.582504990000004
127,Unknown Road Crossing,Road_Crossing,Unknown_Road_Crossing,UID_59640,Random,TRUE,10/18/2022 0:00:00,GG,URC,NCRC,FALSE,,Bridge,FALSE,,,,,,,,,,,,,,,,,16010203,LR,,,1.0,None,1.0,41.566461040000000,-111.827387169999994
128,Unknown Road Crossing,Road_Crossing,Unknown_Road_Crossing,UID_89148,ALTERNATE,TRUE,10/20/2022 0:00:00,GG,URC,CUL,TRUE,,,,1,FALSE,FALSE,0.250000000000000,1.030000000000000,1.680000000000000,61.309523809523810,0.790000000000000,FALSE,0.000000000000000,FALSE,2271.873999999999796,2269.989999999999782,17.762433999999999,10.606654470890728,,16010203,LR,0.0700000,0.5510000,0.67,WSD,0.67,41.892951529999998,-111.608009469999999
129,Unknown Road Crossing,Road_Crossing,Unknown_Road_Crossing,UID_25387,Random,TRUE,10/17/2022 0:00:00,GG,URC,ABS,FALSE,,,,,,,,,,,,,,,,,,,,16010203,LR,,,1.0,None,Absent,41.541309800000001,-111.458075949999994
130,Unknown Road Crossing,Road_Crossing,Unknown_Road_Crossing,UID_4698,ALTERNATE,TRUE,9/26/2022 0:00:00,GG,URC,NCRC,TRUE,,Fill/Puncheon,FALSE,0,,,,,,,,,,,,,,,,16010203,LR,,,1.0,None,1.0,41.890267039999998,-111.631081129999998
131,Unknown Road Crossing,Road_Crossing,Unknown_Road_Crossing,UID_75610,Random,TRUE,9/27/2022 0:00:00,GG,URC,ABS,FALSE,,,,,,,,,,,,,,,,,,,,16010203,LR,,,1.0,None,Absent,41.692057880000000,-111.754977800000006
132,Unknown Road Crossing,Road_Crossing,Unknown_Road_Crossing,UID_48863,ALTERNATE,TRUE,10/18/2022 0:00:00,GG,URC,ABS,TRUE,,,,,,,,,,,,,,,,,,,,16010203,LR,,,1.0,None,Absent,41.470843150000000,-111.826809690000005
133,Unknown Road Crossing,Road_Crossing,Unknown_Road_Crossing,UID_38159,Random,TRUE,9/26/2022 0:00:00,GG,URC,NCRC,FALSE,,Ford,FALSE,0,,,,,,,,,,,,,,,,16010203,LR,,,1.0,None,1.0,41.794659570000000,-111.472144689999993
134,Unknown Road Crossing,Road_Crossing,Unknown_Road_Crossing,UID_50899,ALTERNATE,TRUE,10/18/2022 0:00:00,GG,URC,ABS,FALSE,,,,,,,,,,,,,,,,,,,,16010203,LR,,,1.0,None,Absent,41.531886129999997,-111.795432450000007
135,Unknown Road Crossing,Road_Crossing,Unknown_Road_Crossing,UID_87237,Random,TRUE,9/27/2022 0:00:00,GG,URC,NCRC,TRUE,,Bridge,FALSE,0,,,,,,,,,,,,,,,,16010203,LR,,,1.0,None,1.0,41.805528449999997,-111.630649719999994
136,Unknown Road Crossing,Road_Crossing,Unknown_Road_Crossing,UID_37752,Random,TRUE,9/27/2022 0:00:00,GG,URC,ABS,TRUE,,,,,,,,,,,,,,,,,,,,16010203,LR,,,1.0,None,Absent,41.744785589999999,-111.752789250000006
137,Unknown Road Crossing,Road_Crossing,Unknown_Road_Crossing,UID_75599,ALTERNATE,TRUE,10/18/2022 0:00:00,GG,URC,NCRC,TRUE,,Bridge,FALSE,,,,,,,,,,,,,,,,,16010203,LR,,,1.0,None,1.0,41.547047820000003,-111.831779060000002
138,Unknown Road Crossing,Road_Crossing,Unknown_Road_Crossing,UID_20025,Random,TRUE,10/17/2022 0:00:00,GG,URC,CUL,TRUE,,,,2,FALSE,FALSE,0.200000000000000,3.420000000000000,3.500000000000000,97.714285714285708,1.640000000000000,FALSE,0.000000000000000,FALSE,1559.044000000000096,1558.900000000000091,10.224428000000000,1.408391745729008,,16010203,LR,0.2500000,1.9470000,0.67,Slope,0.67,41.517783270000002,-111.766069290000004
139,Unknown Road Crossing,Road_Crossing,Unknown_Road_Crossing,UID_26205,Random,TRUE,10/19/2022 0:00:00,GG,URC,NCRC,FALSE,,Bridge,FALSE,,,,,,,,,,,,,,,,,16010203,LR,,,1.0,None,1.0,41.657709120000000,-111.818288850000002
140,Unknown Road Crossing,Road_Crossing,Unknown_Road_Crossing,UID_38225,ALTERNATE,TRUE,10/18/2022 0:00:00,GG,URC,ABS,FALSE,,,,,,,,,,,,,,,,,,,,16010203,LR,,,1.0,None,Absent,41.633264189999998,-111.808532999999997
